{
  "users": [
    {
      "firstName": "Homer",
      "lastName": "Simpson",
      "email": "homer@simpson.com",
      "password": "secret",
      "_id": "ff494c1a-c296-43e2-8db5-20cbcf83e46e"
    },
    {
      "firstName": "Marge",
      "lastName": "Simpson",
      "email": "marge@simpson.com",
      "password": "secret",
      "_id": "52d997c7-6701-4978-bc20-564299d31a7c"
    },
    {
      "firstName": "Bart",
      "lastName": "Simpson",
      "email": "bart@simpson.com",
      "password": "secret",
      "_id": "5c96a988-d002-4633-adab-3d4324aa232d"
    }
  ],
  "playlists": [],
  "tracks": []
}